﻿<?xml version="1.0" encoding="utf-8" ?>
<Defs>

  <ThingDef ParentName="BenchBase">
    <defName>HarrowTable</defName>
    <label>Harrowed Shire</label>
    <thingClass>Building_WorkTable</thingClass>
    <description>A sanctified shire dedicated to The Harrow.</description>
    <graphicData>
      <texPath>Things/Building/HarrowTable</texPath>
      <graphicClass>Graphic_Multi</graphicClass>
      <drawSize>(4,4)</drawSize>
      <damageData>
        <cornerTL>Damage/Corner</cornerTL>
        <cornerTR>Damage/Corner</cornerTR>
        <cornerBL>Damage/Corner</cornerBL>
        <cornerBR>Damage/Corner</cornerBR>
      </damageData>
    </graphicData>
    <costList>
      <Steel>150</Steel>
      <Component>4</Component>
    </costList>
    <constructEffect>ConstructWood</constructEffect>
    <altitudeLayer>Building</altitudeLayer>
    <fillPercent>0.5</fillPercent>
    <useHitPoints>True</useHitPoints>
    <statBases>
      <WorkToBuild>4000</WorkToBuild>
      <MaxHitPoints>150</MaxHitPoints>
      <Flammability>0.5</Flammability>
      <Cleanliness>-3</Cleanliness>
    </statBases>
    <size>(1,2)</size>
    <designationCategory>Production</designationCategory>
    <passability>PassThroughOnly</passability>
    <pathCost>70</pathCost>
    <hasInteractionCell>True</hasInteractionCell>
    <interactionCellOffset>(0,0,-2)</interactionCellOffset>
    <surfaceType>Item</surfaceType>
    <inspectorTabs>
      <li>ITab_Bills</li>
    </inspectorTabs>
    <building>
      <spawnedConceptLearnOpportunity>BillsTab</spawnedConceptLearnOpportunity>
    </building>
    <comps>
      <li Class="CompProperties_AffectedByFacilities">
        <linkableFacilities>
          <li>ToolCabinet</li>
        </linkableFacilities>
      </li>
      <li Class="CompProperties_Glower">
        <glowRadius>3</glowRadius>
        <glowColor>(110,110,50,0)</glowColor>
      </li>
    </comps>
		<placeWorkers>
			<li>PlaceWorker_ShowFacilitiesConnections</li>
		</placeWorkers>
    <researchPrerequisites>
	<li>Machining</li>
	</researchPrerequisites>
  </ThingDef>


</Defs>