﻿<?xml version="1.0" encoding="utf-8" ?>
<Defs>


  <!-- ==================== Holy Fire ========================== -->

  <ThingDef ParentName="BaseWeapon">
    <defName>Weapon_HolyFire</defName>
    <label>holy fire canisters</label>
    <description>Old gas canisters filled with a flamable mix.</description>
    <graphicData>
      <texPath>Things/Weapons/HolyFire</texPath>
      <graphicClass>Graphic_Single</graphicClass>
    </graphicData>
    <soundInteract>InteractMolotovCocktail</soundInteract>
    <techLevel>Industrial</techLevel>
    <statBases>
      <MarketValue>400</MarketValue>
      <Mass>2</Mass>
      <RangedWeapon_Cooldown>4.00</RangedWeapon_Cooldown>
      <Weapon_Bulk>0.5</Weapon_Bulk>
    </statBases>
    <weaponTags>
      <li>HarrowedHolyFire</li>
    </weaponTags>
    <thingCategories>
      <li>Grenades</li>
    </thingCategories>
    <verbs>
      <li>
        <label>throw holy fire canister</label>
        <verbClass>Verb_LaunchProjectile</verbClass>
        <hasStandardCommand>true</hasStandardCommand>
        <range>10.0</range>
        <forcedMissRadius>3.0</forcedMissRadius>
        <warmupTime>2.0</warmupTime>
        <noiseRadius>5</noiseRadius>
        <ai_IsBuildingDestroyer>true</ai_IsBuildingDestroyer>
        <soundCast>ThrowMolotovCocktail</soundCast>
        <targetParams>
          <canTargetLocations>true</canTargetLocations>
        </targetParams>
        <defaultProjectile>Proj_HolyFire</defaultProjectile>
      </li>
    </verbs>
  </ThingDef>

	<ThingDef ParentName="BaseGrenadeProjectile">
		<defName>Proj_HolyFire</defName>
		<label>holy fire canister</label>
		<graphicData>
			<texPath>Things/Projectile/HolyFire</texPath>
			<graphicClass>Graphic_Single</graphicClass>
		</graphicData>
		<projectile>
			<explosionRadius>1.8</explosionRadius>
			<damageDef>Flame</damageDef>
			<damageAmountBase>8</damageAmountBase>
			<preExplosionSpawnThingDef>FilthFuel</preExplosionSpawnThingDef>
      <ai_IsIncendiary>true</ai_IsIncendiary>
		</projectile>
	</ThingDef>

</Defs>
