﻿<?xml version="1.0" encoding="utf-8" ?>
<Defs>

  <WorkGiverDef>
    <defName>DoBillsHarrowTable</defName>
    <label>do bills at the harrow altar</label>
    <giverClass>WorkGiver_DoBill</giverClass>
    <workType>Smithing</workType>
    <priorityInType>75</priorityInType>
    <fixedBillGiverDefs>
      <li>HarrowTable</li>
    </fixedBillGiverDefs>
    <verb>work</verb>
    <gerund>working at</gerund>
    <requiredCapacities>
      <li>Manipulation</li>
    </requiredCapacities>
    <prioritizeSustains>true</prioritizeSustains>
  </WorkGiverDef>

</Defs>